tomatometer_score,popcornmeter_score,film_name,film_key_cleaned,name_without_year,film_key
94,79,wings,wings,wings,wings-1927
100,84,7th_heaven,7th-heaven,7th-heaven,7th-heaven-1927
100,67,the_racket,the-racket,the-racket,the-racket-1927
42,21,the_broadway_melody,the-broadway-melody,the-broadway-melody,the-broadway-melody-1928
56,35,alibi,alibi,alibi,alibi-1928
43,17,the_hollywood_revue,the-hollywood-revue,the-hollywood-revue,the-hollywood-revue-1928
56,35,in_old_arizona,in-old-arizona,in-old-arizona,in-old-arizona-1928
100,58,the_patriot,the-patriot,the-patriot,the-patriot-1928
98,89,all_quiet_on_the_western_front,all-quiet-on-the-western-front,all-quiet-on-the-western-front,all-quiet-on-the-western-front-1929
100,77,the_love_parade,the-love-parade,the-love-parade,the-love-parade-1929
52,26,cimarron,cimarron,cimarron,cimarron-1930
100,35,trader_horn,trader-horn,trader-horn,trader-horn-1930
87,77,grand_hotel,grand-hotel,grand-hotel,grand-hotel-1931
89,43,arrowsmith,arrowsmith,arrowsmith,arrowsmith-1931
96,76,the_champ,the-champ,the-champ,the-champ-1931
91,79,five_star_final,five-star-final,five-star-final,five-star-final-1931
86,74,one_hour_with_you,one-hour-with-you,one-hour-with-you,one-hour-with-you-1931
88,66,the_smiling_lieutenant,the-smiling-lieutenant,the-smiling-lieutenant,the-smiling-lieutenant-1931
64,27,cavalcade,cavalcade,cavalcade,cavalcade-1932
92,75,42nd_street,42nd-street,42nd-street,42nd-street-1932
96,91,i_am_a_fugitive_from_a_chain_gang_1932,i-am-a-fugitive-from-a-chain-gang-1932,i-am-a-fugitive-from-a-chain-gang,i-am-a-fugitive-from-a-chain-gang-1932
100,79,lady_for_a_day,lady-for-a-day,lady-for-a-day,lady-for-a-day-1932
93,53,she_done_him_wrong,she-done-him-wrong,she-done-him-wrong,she-done-him-wrong-1932
98,93,it_happened_one_night,it-happened-one-night,it-happened-one-night,it-happened-one-night-1934
100,27,flirtation_walk,flirtation-walk,flirtation-walk,flirtation-walk-1934
83,39,here_comes_the_navy,here-comes-the-navy,here-comes-the-navy,here-comes-the-navy-1934
100,55,the_house_of_rothschild,the-house-of-rothschild,the-house-of-rothschild,the-house-of-rothschild-1934
88,85,imitation_of_life,imitation-of-life,imitation-of-life,imitation-of-life-1934
63,41,one_night_of_love,one-night-of-love,one-night-of-love,one-night-of-love-1934
98,93,the_thin_man_1934,the-thin-man-1934,the-thin-man,the-thin-man-1934
60,46,viva_villa,viva-villa,viva-villa,viva-villa-1934
96,84,mutiny_on_the_bounty,mutiny-on-the-bounty,mutiny-on-the-bounty,mutiny-on-the-bounty-1935
89,71,alice_adams_1935,alice-adams-1935,alice-adams,alice-adams-1935
90,77,broadway_melody_of_1936_1935,broadway-melody-of-1936-1935,broadway-melody-of-1936,broadway-melody-of-1936-1935
100,90,captain_blood_1935,captain-blood-1935,captain-blood,captain-blood-1935
100,76,david_copperfield_1935,david-copperfield-1935,david-copperfield,david-copperfield-1935
89,77,the_informer_1935,the-informer-1935,the-informer,the-informer-1935
56,76,naughty_marietta,naughty-marietta,naughty-marietta,naughty-marietta-1935
100,89,ruggles_of_red_gap,ruggles-of-red-gap,ruggles-of-red-gap,ruggles-of-red-gap-1935
100,90,top_hat,top-hat,top-hat,top-hat-1935
72,50,the_great_ziegfeld,the-great-ziegfeld,the-great-ziegfeld,the-great-ziegfeld-1936
18,47,anthony_adverse,anthony-adverse,anthony-adverse,anthony-adverse-1936
91,86,dodsworth,dodsworth,dodsworth,dodsworth-1936
86,87,libeled_lady,libeled-lady,libeled-lady,libeled-lady-1936
90,86,mr_deeds_goes_to_town,mr-deeds-goes-to-town,mr-deeds-goes-to-town,mr-deeds-goes-to-town-1936
92,71,san_francisco,san-francisco,san-francisco,san-francisco-1936
86,53,three_smart_girls,three-smart-girls,three-smart-girls,three-smart-girls-1936
94,89,captains_courageous_1937,captains-courageous-1937,captains-courageous,captains-courageous-1937
83,77,dead_end_1937,dead-end-1937,dead-end,dead-end-1937
67,52,in_old_chicago,in-old-chicago,in-old-chicago,in-old-chicago-1937
92,82,lost_horizon,lost-horizon,lost-horizon,lost-horizon-1937
96,87,stage_door,stage-door,stage-door,stage-door-1937
90,80,a_star_is_born,a-star-is-born,a-star-is-born,a-star-is-born-1937
94,88,you_cant_take_it_with_you_1938,you-cant-take-it-with-you-1938,you-cant-take-it-with-you,you-cant-take-it-with-you-1938
100,89,the_adventures_of_robin_hood_1938,the-adventures-of-robin-hood-1938,the-adventures-of-robin-hood,the-adventures-of-robin-hood-1938
83,46,alexanders_ragtime_band,alexanders-ragtime-band,alexanders-ragtime-band,alexanders-ragtime-band-1938
86,81,boys_town_1938,boys-town-1938,boys-town,boys-town-1938
90,72,the_citadel,the-citadel,the-citadel,the-citadel-1938
100,79,four_daughters,four-daughters,four-daughters,four-daughters-1938
97,92,grand_illusion,grand-illusion,grand-illusion,grand-illusion-1938
96,82,jezebel,jezebel,jezebel,jezebel-1938
90,92,gone_with_the_wind_1939,gone-with-the-wind-1939,gone-with-the-wind,gone-with-the-wind-1939
83,80,dark_victory_1939,dark-victory-1939,dark-victory,dark-victory-1939
92,71,love_affair_1939,love-affair-1939,love-affair,love-affair-1939
97,94,mr_smith_goes_to_washington,mr-smith-goes-to-washington,mr-smith-goes-to-washington,mr-smith-goes-to-washington-1939
95,89,ninotchka_1939,ninotchka-1939,ninotchka,ninotchka-1939
98,89,the_wizard_of_oz_1939,the-wizard-of-oz-1939,the-wizard-of-oz,the-wizard-of-oz-1939
31,66,wuthering_heights,wuthering-heights,wuthering-heights,wuthering-heights-1939
37,39,rebecca,rebecca,rebecca,rebecca-1940
83,84,all_this_and_heaven_too_1940,all-this-and-heaven-too-1940,all-this-and-heaven-too,all-this-and-heaven-too-1940
95,81,foreign_correspondent,foreign-correspondent,foreign-correspondent,foreign-correspondent-1940
75,72,kitty_foyle_1940,kitty-foyle-1940,kitty-foyle,kitty-foyle-1940
100,82,the_letter_1940,the-letter-1940,the-letter,the-letter-1940
100,70,the_long_voyage_home,the-long-voyage-home,the-long-voyage-home,the-long-voyage-home-1940
100,92,the_philadelphia_story,the-philadelphia-story,the-philadelphia-story,the-philadelphia-story-1940
93,81,how_green_was_my_valley,how-green-was-my-valley,how-green-was-my-valley,how-green-was-my-valley-1941
33,71,blossoms_in_the_dust,blossoms-in-the-dust,blossoms-in-the-dust,blossoms-in-the-dust-1941
99,90,citizen_kane_1941,citizen-kane-1941,citizen-kane,citizen-kane-1941
100,82,here_comes_mr_jordan,here-comes-mr-jordan,here-comes-mr-jordan,here-comes-mr-jordan-1941
100,79,hold_back_the_dawn,hold-back-the-dawn,hold-back-the-dawn,hold-back-the-dawn-1941
100,87,the_little_foxes,the-little-foxes,the-little-foxes,the-little-foxes-1941
99,91,the_maltese_falcon,the-maltese-falcon,the-maltese-falcon,the-maltese-falcon-1941
100,55,one_foot_in_heaven,one-foot-in-heaven,one-foot-in-heaven,one-foot-in-heaven-1941
81,87,sergeant_york,sergeant-york,sergeant-york,sergeant-york-1941
97,77,suspicion_1941,suspicion-1941,suspicion,suspicion-1941
93,84,mrs_miniver_1942,mrs-miniver-1942,mrs-miniver,mrs-miniver-1942
88,76,49th_parallel,49th-parallel,49th-parallel,49th-parallel-1942
100,79,kings_row_1942,kings-row-1942,kings-row,kings-row-1942
82,89,random_harvest,random-harvest,random-harvest,random-harvest-1942
89,46,wake_island,wake-island,wake-island,wake-island-1942
91,83,yankee_doodle_dandy,yankee-doodle-dandy,yankee-doodle-dandy,yankee-doodle-dandy-1942
64,58,for_whom_the_bell_tolls,for-whom-the-bell-tolls,for-whom-the-bell-tolls,for-whom-the-bell-tolls-1943
89,75,heaven_can_wait_1943,heaven-can-wait-1943,heaven-can-wait,heaven-can-wait-1943
100,69,the_human_comedy_1943,the-human-comedy-1943,the-human-comedy,the-human-comedy-1943
90,75,in_which_we_serve,in-which-we-serve,in-which-we-serve,in-which-we-serve-1943
78,68,madame_curie,madame-curie,madame-curie,madame-curie-1943
100,81,the_more_the_merrier,the-more-the-merrier,the-more-the-merrier,the-more-the-merrier-1943
80,64,watch_on_the_rhine,watch-on-the-rhine,watch-on-the-rhine,watch-on-the-rhine-1943
85,74,going_my_way,going-my-way,going-my-way,going-my-way-1944
97,95,double_indemnity,double-indemnity,double-indemnity,double-indemnity-1944
89,90,gaslight,gaslight,gaslight,gaslight-1944
77,79,since_you_went_away,since-you-went-away,since-you-went-away,since-you-went-away-1944
89,40,wilson,wilson,wilson,wilson-1944
56,78,anchors_aweigh_1945,anchors-aweigh-1945,anchors-aweigh,anchors-aweigh-1945
88,90,mildred_pierce_1945,mildred-pierce-1945,mildred-pierce,mildred-pierce-1945
100,74,henry_v_1946,henry-v-1946,henry-v,henry-v-1946
94,95,its_a_wonderful_life_1946,its-a-wonderful-life-1946,its-a-wonderful-life,its-a-wonderful-life-1946
56,71,the_razors_edge,the-razors-edge,the-razors-edge,the-razors-edge-1946
100,75,the_yearling,the-yearling,the-yearling,the-yearling-1946
82,78,gentlemans_agreement,gentlemans-agreement,gentlemans-agreement,gentlemans-agreement-1947
85,81,the_bishops_wife,the-bishops-wife,the-bishops-wife,the-bishops-wife-1947
88,75,crossfire_1947,crossfire-1947,crossfire,crossfire-1947
100,88,great_expectations_1947,great-expectations-1947,great-expectations,great-expectations-1947
96,87,miracle_on_34th_street,miracle-on-34th-street,miracle-on-34th-street,miracle-on-34th-street-1947
100,91,hamlet,hamlet,hamlet,hamlet-1948
100,89,johnny_belinda_1948,johnny-belinda-1948,johnny-belinda,johnny-belinda-1948
12,40,all_the_kings_men,all-the-kings-men,all-the-kings-men,all-the-kings-men-1949
78,82,battleground_1949,battleground-1949,battleground,battleground-1949
92,59,king_solomons_mines_1950,king-solomons-mines-1950,king-solomons-mines,king-solomons-mines-1950
98,95,sunset_boulevard,sunset-boulevard,sunset-boulevard,sunset-boulevard-1950
95,78,an_american_in_paris,an-american-in-paris,an-american-in-paris,an-american-in-paris-1951
100,73,decision_before_dawn,decision-before-dawn,decision-before-dawn,decision-before-dawn-1951
97,89,a_streetcar_named_desire_1951,a-streetcar-named-desire-1951,a-streetcar-named-desire,a-streetcar-named-desire-1951
79,64,ivanhoe_1952,ivanhoe-1952,ivanhoe,ivanhoe-1952
96,81,julius_caesar_1953,julius-caesar-1953,julius-caesar,julius-caesar-1953
96,93,roman_holiday,roman-holiday,roman-holiday,roman-holiday-1953
97,81,shane,shane,shane,shane-1953
99,95,on_the_waterfront,on-the-waterfront,on-the-waterfront,on-the-waterfront-1954
89,87,seven_brides_for_seven_brothers_1954,seven-brides-for-seven-brothers-1954,seven-brides-for-seven-brothers,seven-brides-for-seven-brothers-1954
60,43,three_coins_in_the_fountain,three-coins-in-the-fountain,three-coins-in-the-fountain,three-coins-in-the-fountain-1954
96,87,marty,marty,marty,marty-1955
53,56,love_is_a_many_splendored_thing,love-is-a-many-splendored-thing,love-is-a-many-splendored-thing,love-is-a-many-splendored-thing-1955
45,54,picnic,picnic,picnic,picnic-1955
72,57,around_the_world_in_80_days_1956,around-the-world-in-80-days-1956,around-the-world-in-80-days,around-the-world-in-80-days-1956
73,81,friendly_persuasion,friendly-persuasion,friendly-persuasion,friendly-persuasion-1956
86,87,giant_1956,giant-1956,giant,giant-1956
13,41,the_king_and_i,the-king-and-i,the-king-and-i,the-king-and-i-1956
65,73,peyton_place,peyton-place,peyton-place,peyton-place-1957
82,79,sayonara,sayonara,sayonara,sayonara-1957
100,95,witness_for_the_prosecution,witness-for-the-prosecution,witness-for-the-prosecution,witness-for-the-prosecution-1957
90,74,gigi_1958,gigi-1958,gigi,gigi-1958
88,93,auntie_mame_1958,auntie-mame-1958,auntie-mame,auntie-mame-1958
97,92,cat_on_a_hot_tin_roof_1958,cat-on-a-hot-tin-roof-1958,cat-on-a-hot-tin-roof,cat-on-a-hot-tin-roof-1958
87,89,ben_hur_1959,ben-hur-1959,ben-hur,ben-hur-1959
100,91,anatomy_of_a_murder,anatomy-of-a-murder,anatomy-of-a-murder,anatomy-of-a-murder-1959
85,81,the_nuns_story,the-nuns-story,the-nuns-story,the-nuns-story-1959
100,82,room_at_the_top,room-at-the-top,room-at-the-top,room-at-the-top-1959
93,94,the_apartment,the-apartment,the-apartment,the-apartment-1960
94,87,elmer_gantry,elmer-gantry,elmer-gantry,elmer-gantry-1960
92,84,west_side_story,west-side-story,west-side-story,west-side-story-1961
56,53,fanny,fanny,fanny,fanny-1961
93,93,judgment_at_nuremberg,judgment-at-nuremberg,judgment-at-nuremberg,judgment-at-nuremberg-1961
93,93,lawrence_of_arabia,lawrence-of-arabia,lawrence-of-arabia,lawrence-of-arabia-1962
94,85,the_music_man,the-music-man,the-music-man,the-music-man-1962
96,84,mutiny_on_the_bounty,mutiny-on-the-bounty,mutiny-on-the-bounty,mutiny-on-the-bounty-1935
93,93,to_kill_a_mockingbird,to-kill-a-mockingbird,to-kill-a-mockingbird,to-kill-a-mockingbird-1962
83,58,tom_jones,tom-jones,tom-jones,tom-jones-1963
67,85,america_america_1963,america-america-1963,america-america,america-america-1963
88,74,how_the_west_was_won_1963,how-the-west-was-won-1963,how-the-west-was-won,how-the-west-was-won-1963
94,90,my_fair_lady,my-fair-lady,my-fair-lady,my-fair-lady-1964
75,87,becket,becket,becket,becket-1964
97,86,mary_poppins,mary-poppins,mary-poppins,mary-poppins-1964
79,86,zorba_the_greek,zorba-the-greek,zorba-the-greek,zorba-the-greek-1964
63,76,ship_of_fools,ship-of-fools,ship-of-fools,ship-of-fools-1965
48,51,alfie,alfie,alfie,alfie-1966
96,90,whos_afraid_of_virginia_woolf_1966,whos-afraid-of-virginia-woolf-1966,whos-afraid-of-virginia-woolf,whos-afraid-of-virginia-woolf-1966
96,92,in_the_heat_of_the_night,in-the-heat-of-the-night,in-the-heat-of-the-night,in-the-heat-of-the-night-1967
91,88,bonnie_and_clyde_1967,bonnie-and-clyde-1967,bonnie-and-clyde,bonnie-and-clyde-1967
29,57,doctor_dolittle,doctor-dolittle,doctor-dolittle,doctor-dolittle-1967
71,85,guess_whos_coming_to_dinner,guess-whos-coming-to-dinner,guess-whos-coming-to-dinner,guess-whos-coming-to-dinner-1967
90,81,oliver,oliver,oliver,oliver-1968
95,85,funny_girl,funny-girl,funny-girl,funny-girl-1968
92,77,rachel_rachel,rachel-rachel,rachel-rachel,rachel-rachel-1968
95,74,romeo_and_juliet_1968,romeo-and-juliet-1968,romeo-and-juliet,romeo-and-juliet-1968
89,88,midnight_cowboy,midnight-cowboy,midnight-cowboy,midnight-cowboy-1969
43,82,anne_of_the_thousand_days,anne-of-the-thousand-days,anne-of-the-thousand-days,anne-of-the-thousand-days-1969
43,75,hello_dolly,hello-dolly,hello-dolly,hello-dolly-1969
94,92,z,z,z,z-1969
92,93,patton,patton,patton,patton-1970
72,54,airport,airport,airport,airport-1970
89,84,five_easy_pieces,five-easy-pieces,five-easy-pieces,five-easy-pieces-1970
63,75,love_story,love-story,love-story,love-story-1970
86,82,mash_1970,mash-1970,mash,mash-1970
97,87,the_french_connection,the-french-connection,the-french-connection,the-french-connection-1971
81,92,fiddler_on_the_roof,fiddler-on-the-roof,fiddler-on-the-roof,fiddler-on-the-roof-1971
97,98,the_godfather,the-godfather,the-godfather,the-godfather-1972
92,87,cabaret_1972,cabaret-1972,cabaret,cabaret-1972
90,82,deliverance,deliverance,deliverance,deliverance-1972
94,87,the_emigrants,the-emigrants,the-emigrants,the-emigrants-1972
91,79,sounder,sounder,sounder,sounder-1972
95,84,american_graffiti,american-graffiti,american-graffiti,american-graffiti-1973
91,90,cries_and_whispers,cries-and-whispers,cries-and-whispers,cries-and-whispers-1973
78,87,the_exorcist,the-exorcist,the-exorcist,the-exorcist-1973
98,93,chinatown,chinatown,chinatown,chinatown-1974
94,89,the_conversation,the-conversation,the-conversation,the-conversation-1974
87,88,lenny,lenny,lenny,lenny-1974
93,96,one_flew_over_the_cuckoos_nest_1975,one-flew-over-the-cuckoos-nest-1975,one-flew-over-the-cuckoos-nest,one-flew-over-the-cuckoos-nest-1975
78,92,barry_lyndon_1975,barry-lyndon-1975,barry-lyndon,barry-lyndon-1975
96,90,dog_day_afternoon_1975,dog-day-afternoon-1975,dog-day-afternoon,dog-day-afternoon-1975
97,91,jaws,jaws,jaws,jaws-1975
89,83,nashville,nashville,nashville,nashville-1975
94,92,all_the_presidents_men_1976,all-the-presidents-men-1976,all-the-presidents-men,all-the-presidents-men-1976
81,76,bound_for_glory,bound-for-glory,bound-for-glory,bound-for-glory-1976
91,93,network_1976,network-1976,network,network-1976
89,93,taxi_driver,taxi-driver,taxi-driver,taxi-driver-1976
97,92,annie_hall,annie-hall,annie-hall,annie-hall-1977
77,85,the_goodbye_girl,the-goodbye-girl,the-goodbye-girl,the-goodbye-girl-1977
94,96,star_wars,star-wars,star-wars,star-wars-1977
86,91,the_deer_hunter_1978,the-deer-hunter-1978,the-deer-hunter,the-deer-hunter-1978
83,83,coming_home,coming-home,coming-home,coming-home-1978
84,68,heaven_can_wait,heaven-can-wait,heaven-can-wait,heaven-can-wait-1943
90,88,midnight_express,midnight-express,midnight-express,midnight-express-1978
90,89,kramer_vs_kramer,kramer-vs-kramer,kramer-vs-kramer,kramer-vs-kramer-1979
88,85,all_that_jazz,all-that-jazz,all-that-jazz,all-that-jazz-1979
90,94,apocalypse_now,apocalypse-now,apocalypse-now,apocalypse-now-1979
95,88,breaking_away,breaking-away,breaking-away,breaking-away-1979
91,79,norma_rae,norma-rae,norma-rae,norma-rae-1979
90,88,ordinary_people_1980,ordinary-people-1980,ordinary-people,ordinary-people-1980
84,86,coal_miners_daughter,coal-miners-daughter,coal-miners-daughter,coal-miners-daughter-1980
92,93,raging_bull,raging-bull,raging-bull,raging-bull-1980
81,77,tess,tess,tess,tess-1980
84,80,chariots_of_fire_1981,chariots-of-fire-1981,chariots-of-fire,chariots-of-fire-1981
100,78,atlantic_city,atlantic-city,atlantic-city,atlantic-city-1981
91,87,on_golden_pond,on-golden-pond,on-golden-pond,on-golden-pond-1981
94,96,raiders_of_the_lost_ark,raiders-of-the-lost-ark,raiders-of-the-lost-ark,raiders-of-the-lost-ark-1981
90,82,reds,reds,reds,reds-1981
89,92,gandhi,gandhi,gandhi,gandhi-1982
91,81,tootsie,tootsie,tootsie,tootsie-1982
81,83,terms_of_endearment,terms-of-endearment,terms-of-endearment,terms-of-endearment-1983
100,61,the_dresser,the-dresser,the-dresser,the-dresser-1983
96,90,the_right_stuff,the-right-stuff,the-right-stuff,the-right-stuff-1983
82,81,tender_mercies,tender-mercies,tender-mercies,tender-mercies-1983
90,95,amadeus,amadeus,amadeus,amadeus-1984
91,91,the_killing_fields,the-killing-fields,the-killing-fields,the-killing-fields-1984
77,79,a_passage_to_india,a-passage-to-india,a-passage-to-india,a-passage-to-india-1984
89,83,places_in_the_heart,places-in-the-heart,places-in-the-heart,places-in-the-heart-1984
90,82,a_soldiers_story,a-soldiers-story,a-soldiers-story,a-soldiers-story-1984
62,82,out_of_africa,out-of-africa,out-of-africa,out-of-africa-1985
81,95,the_color_purple,the-color-purple,the-color-purple,the-color-purple-1985
87,81,kiss_of_the_spider_woman,kiss-of-the-spider-woman,kiss-of-the-spider-woman,kiss-of-the-spider-woman-1985
85,62,prizzis_honor,prizzis-honor,prizzis-honor,prizzis-honor-1985
89,93,platoon,platoon,platoon,platoon-1986
81,78,children_of_a_lesser_god,children-of-a-lesser-god,children-of-a-lesser-god,children-of-a-lesser-god-1986
92,90,hannah_and_her_sisters,hannah-and-her-sisters,hannah-and-her-sisters,hannah-and-her-sisters-1986
63,87,the_mission_1986,the-mission-1986,the-mission,the-mission-1986
60,14,a_room_with_a_view,a-room-with-a-view,a-room-with-a-view,a-room-with-a-view-1986
98,79,broadcast_news,broadcast-news,broadcast-news,broadcast-news-1987
96,82,hope_and_glory,hope-and-glory,hope-and-glory,hope-and-glory-1987
90,81,moonstruck,moonstruck,moonstruck,moonstruck-1987
88,90,rain_man,rain-man,rain-man,rain-man-1988
82,60,the_accidental_tourist_1988,the-accidental-tourist-1988,the-accidental-tourist,the-accidental-tourist-1988
94,83,dangerous_liaisons_1988,dangerous-liaisons-1988,dangerous-liaisons,dangerous-liaisons-1988
79,90,mississippi_burning,mississippi-burning,mississippi-burning,mississippi-burning-1988
83,67,working_girl,working-girl,working-girl,working-girl-1988
85,81,driving_miss_daisy_1989,driving-miss-daisy-1989,driving-miss-daisy,driving-miss-daisy-1989
84,76,born_on_the_fourth_of_july,born-on-the-fourth-of-july,born-on-the-fourth-of-july,born-on-the-fourth-of-july-1989
85,92,dead_poets_society,dead-poets-society,dead-poets-society,dead-poets-society-1989
88,86,field_of_dreams,field-of-dreams,field-of-dreams,field-of-dreams-1989
98,92,my_left_foot,my-left-foot,my-left-foot,my-left-foot-1989
87,87,dances_with_wolves,dances-with-wolves,dances-with-wolves,dances-with-wolves-1990
93,97,goodfellas,goodfellas,goodfellas,goodfellas-1990
95,95,the_silence_of_the_lambs,the-silence-of-the-lambs,the-silence-of-the-lambs,the-silence-of-the-lambs-1991
95,93,beauty_and_the_beast_1991,beauty-and-the-beast-1991,beauty-and-the-beast,beauty-and-the-beast-1991
84,69,bugsy,bugsy,bugsy,bugsy-1991
85,88,jfk_1991,jfk-1991,jfk,jfk-1991
96,93,unforgiven_1992,unforgiven-1992,unforgiven,unforgiven-1992
94,81,howards_end_1992,howards-end-1992,howards-end,howards-end-1992
98,97,schindlers_list,schindlers-list,schindlers-list,schindlers-list-1993
96,89,the_fugitive_1993,the-fugitive-1993,the-fugitive,the-fugitive-1993
94,95,in_the_name_of_the_father,in-the-name-of-the-father,in-the-name-of-the-father,in-the-name-of-the-father-1993
75,95,forrest_gump,forrest-gump,forrest-gump,forrest-gump-1994
92,74,four_weddings_and_a_funeral,four-weddings-and-a-funeral,four-weddings-and-a-funeral,four-weddings-and-a-funeral-1994
92,96,pulp_fiction,pulp-fiction,pulp-fiction,pulp-fiction-1994
97,87,quiz_show,quiz-show,quiz-show,quiz-show-1994
89,98,the_shawshank_redemption,the-shawshank-redemption,the-shawshank-redemption,the-shawshank-redemption-1994
94,87,apollo_13,apollo-13,apollo-13,apollo-13-1995
94,94,il_postino_the_postman,il-postino-the-postman,il-postino-the-postman,il-postino-the-postman-1995
94,92,fargo,fargo,fargo,fargo-1996
84,79,jerry_maguire,jerry-maguire,jerry-maguire,jerry-maguire-1996
91,90,shine,shine,shine,shine-1996
88,69,titanic,titanic,titanic,titanic-1997
86,86,as_good_as_it_gets,as-good-as-it-gets,as-good-as-it-gets,as-good-as-it-gets-1997
97,94,good_will_hunting,good-will-hunting,good-will-hunting,good-will-hunting-1997
99,94,la_confidential,la-confidential,la-confidential,la-confidential-1997
92,80,shakespeare_in_love,shakespeare-in-love,shakespeare-in-love,shakespeare-in-love-1998
80,96,life_is_beautiful_1998,life-is-beautiful-1998,life-is-beautiful,life-is-beautiful-1998
94,95,saving_private_ryan,saving-private-ryan,saving-private-ryan,saving-private-ryan-1998
87,93,american_beauty,american-beauty,american-beauty,american-beauty-1999
78,94,the_green_mile,the-green-mile,the-green-mile,the-green-mile-1999
80,87,gladiator,gladiator,gladiator,gladiator-2000
63,83,chocolat,chocolat,chocolat,chocolat-2000
98,86,crouching_tiger_hidden_dragon_2000,crouching-tiger-hidden-dragon-2000,crouching-tiger-hidden-dragon,crouching-tiger-hidden-dragon-2000
85,81,erin_brockovich,erin-brockovich,erin-brockovich,erin-brockovich-2000
74,93,a_beautiful_mind,a-beautiful-mind,a-beautiful-mind,a-beautiful-mind-2001
87,78,gosford_park,gosford-park,gosford-park,gosford-park-2001
93,81,in_the_bedroom,in-the-bedroom,in-the-bedroom,in-the-bedroom-2001
92,95,the_lord_of_the_rings_the_fellowship_of_the_ring_2001,the-lord-of-the-rings-the-fellowship-of-the-ring-2001,the-lord-of-the-rings-the-fellowship-of-the-ring,the-lord-of-the-rings-the-fellowship-of-the-ring-2001
75,89,moulin_rouge_2001,moulin-rouge-2001,moulin-rouge,moulin-rouge-2001
87,83,chicago,chicago,chicago,chicago-2002
72,81,gangs_of_new_york,gangs-of-new-york,gangs-of-new-york,gangs-of-new-york-2002
95,95,the_lord_of_the_rings_the_two_towers_2002,the-lord-of-the-rings-the-two-towers-2002,the-lord-of-the-rings-the-two-towers,the-lord-of-the-rings-the-two-towers-2002
94,86,the_lord_of_the_rings_the_return_of_the_king_2003,the-lord-of-the-rings-the-return-of-the-king-2003,the-lord-of-the-rings-the-return-of-the-king,the-lord-of-the-rings-the-return-of-the-king-2003
95,85,lost_in_translation,lost-in-translation,lost-in-translation,lost-in-translation-2003
85,80,master_and_commander_the_far_side_of_the_world,master-and-commander-the-far-side-of-the-world,master-and-commander-the-far-side-of-the-world,master-and-commander-the-far-side-of-the-world-2003
89,89,mystic_river_2003,mystic-river-2003,mystic-river,mystic-river-2003
77,76,seabiscuit_2003,seabiscuit-2003,seabiscuit,seabiscuit-2003
90,90,million_dollar_baby_2004,million-dollar-baby-2004,million-dollar-baby,million-dollar-baby-2004
86,79,the_aviator_2004,the-aviator-2004,the-aviator,the-aviator-2004
83,87,finding_neverland,finding-neverland,finding-neverland,finding-neverland-2004
79,87,ray,ray,ray,ray-2004
97,79,sideways,sideways,sideways,sideways-2004
88,82,brokeback_mountain,brokeback-mountain,brokeback-mountain,brokeback-mountain-2005
93,83,good_night_and_good_luck,good-night-and-good-luck,good-night-and-good-luck,good-night-and-good-luck-2005
79,83,munich,munich,munich,munich-2005
91,94,the_departed,the-departed,the-departed,the-departed-2006
68,77,babel,babel,babel,babel-2006
91,86,letters_from_iwo_jima_2006,letters-from-iwo-jima-2006,letters-from-iwo-jima,letters-from-iwo-jima-2006
91,91,little_miss_sunshine,little-miss-sunshine,little-miss-sunshine,little-miss-sunshine-2006
97,76,the_queen,the-queen,the-queen,the-queen-2006
93,86,no_country_for_old_men,no-country-for-old-men,no-country-for-old-men,no-country-for-old-men-2007
83,80,atonement,atonement,atonement,atonement-2007
93,88,juno,juno,juno,juno-2007
90,69,michael_clayton_2007,michael-clayton-2007,michael-clayton,michael-clayton-2007
91,86,there_will_be_blood,there-will-be-blood,there-will-be-blood,there-will-be-blood-2007
92,90,slumdog_millionaire,slumdog-millionaire,slumdog-millionaire,slumdog-millionaire-2008
93,89,milk,milk,milk,milk-2008
96,84,the_hurt_locker,the-hurt-locker,the-hurt-locker,the-hurt-locker-2009
81,82,avatar_2009,avatar-2009,avatar,avatar-2009
66,85,the_blind_side,the-blind-side,the-blind-side,the-blind-side-2009
90,82,district_9,district-9,district-9,district-9-2009
93,80,an_education,an-education,an-education,an-education-2009
89,88,inglourious_basterds,inglourious-basterds,inglourious-basterds,inglourious-basterds-2009
89,68,a_serious_man,a-serious-man,a-serious-man,a-serious-man-2009
98,90,up,up,up,up-2009
90,79,up_in_the_air_2009,up-in-the-air-2009,up-in-the-air,up-in-the-air-2009
94,92,the_kings_speech,the-kings-speech,the-kings-speech,the-kings-speech-2010
85,84,black_swan_2010,black-swan-2010,black-swan,black-swan-2010
91,89,the_fighter,the-fighter,the-fighter,the-fighter-2010
87,91,inception,inception,inception,inception-2010
93,74,the_kids_are_all_right,the-kids-are-all-right,the-kids-are-all-right,the-kids-are-all-right-2010
93,85,127_hours_2010,127-hours-2010,127-hours,127-hours-2010
96,87,the_social_network,the-social-network,the-social-network,the-social-network-2010
98,90,toy_story_3,toy-story-3,toy-story-3,toy-story-3-2010
95,85,true_grit_2010,true-grit-2010,true-grit,true-grit-2010
95,87,the_artist,the-artist,the-artist,the-artist-2011
88,79,the_descendants_2011,the-descendants-2011,the-descendants,the-descendants-2011
75,89,the_help,the-help,the-help,the-help-2011
93,78,hugo,hugo,hugo,hugo-2011
93,83,midnight_in_paris,midnight-in-paris,midnight-in-paris,midnight-in-paris-2011
94,86,moneyball,moneyball,moneyball,moneyball-2011
86,60,the_tree_of_life_2011,the-tree-of-life-2011,the-tree-of-life,the-tree-of-life-2011
74,74,war_horse,war-horse,war-horse,war-horse-2011
96,90,argo_2012,argo-2012,argo,argo-2012
93,82,amour_2012,amour-2012,amour,amour-2012
87,76,beasts_of_the_southern_wild_2012,beasts-of-the-southern-wild-2012,beasts-of-the-southern-wild,beasts-of-the-southern-wild-2012
87,92,django_unchained_2012,django-unchained-2012,django-unchained,django-unchained-2012
86,84,life_of_pi,life-of-pi,life-of-pi,life-of-pi-2012
89,80,lincoln_2012,lincoln-2012,lincoln,lincoln-2012
70,79,les_miserables_2012,les-miserables-2012,les-miserables,les-miserables-2012
92,86,silver_linings_playbook,silver-linings-playbook,silver-linings-playbook,silver-linings-playbook-2012
91,80,zero_dark_thirty,zero-dark-thirty,zero-dark-thirty,zero-dark-thirty-2012
95,90,12_years_a_slave_2013,12-years-a-slave-2013,12-years-a-slave,12-years-a-slave-2013
92,74,american_hustle_2013,american-hustle-2013,american-hustle,american-hustle-2013
93,89,captain_phillips,captain-phillips,captain-phillips,captain-phillips-2013
92,91,dallas_buyers_club_2013,dallas-buyers-club-2013,dallas-buyers-club,dallas-buyers-club-2013
96,79,gravity_2013,gravity-2013,gravity,gravity-2013
95,82,her,her,her,her-2013
90,83,nebraska,nebraska,nebraska,nebraska-2013
91,89,philomena,philomena,philomena,philomena-2013
79,83,the_wolf_of_wall_street_2013,the-wolf-of-wall-street-2013,the-wolf-of-wall-street,the-wolf-of-wall-street-2013
71,84,american_sniper,american-sniper,american-sniper,american-sniper-2014
97,80,boyhood,boyhood,boyhood,boyhood-2014
92,87,the_grand_budapest_hotel_2014,the-grand-budapest-hotel-2014,the-grand-budapest-hotel,the-grand-budapest-hotel-2014
90,91,the_imitation_game,the-imitation-game,the-imitation-game,the-imitation-game-2014
99,86,selma_2014,selma-2014,selma,selma-2014
81,84,the_theory_of_everything_2014,the-theory-of-everything-2014,the-theory-of-everything,the-theory-of-everything-2014
94,94,whiplash_2014,whiplash-2014,whiplash,whiplash-2014
97,93,spotlight_2015,spotlight-2015,spotlight,spotlight-2015
89,88,the_big_short_2015,the-big-short-2015,the-big-short,the-big-short-2015
91,87,bridge_of_spies_2015,bridge-of-spies-2015,bridge-of-spies,bridge-of-spies-2015
97,87,brooklyn_2015,brooklyn-2015,brooklyn,brooklyn-2015
97,86,mad_max_fury_road_2015,mad-max-fury-road-2015,mad-max-fury-road,mad-max-fury-road-2015
91,91,the_martian_2015,the-martian-2015,the-martian,the-martian-2015
78,84,the_revenant_2015,the-revenant-2015,the-revenant,the-revenant-2015
93,93,room_2015,room-2015,room,room-2015
98,79,moonlight_2016,moonlight-2016,moonlight,moonlight-2016
94,83,arrival_2016,arrival-2016,arrival,arrival-2016
92,75,fences_2016,fences-2016,fences,fences-2016
84,92,hacksaw_ridge,hacksaw-ridge,hacksaw-ridge,hacksaw-ridge-2016
97,88,hell_or_high_water,hell-or-high-water,hell-or-high-water,hell-or-high-water-2016
93,93,hidden_figures,hidden-figures,hidden-figures,hidden-figures-2016
91,82,la_la_land,la-la-land,la-la-land,la-la-land-2016
84,91,lion_2016,lion-2016,lion,lion-2016
96,78,manchester_by_the_sea,manchester-by-the-sea,manchester-by-the-sea,manchester-by-the-sea-2016
92,73,the_shape_of_water_2017,the-shape-of-water-2017,the-shape-of-water,the-shape-of-water-2017
95,86,call_me_by_your_name,call-me-by-your-name,call-me-by-your-name,call-me-by-your-name-2017
84,83,darkest_hour_2017,darkest-hour-2017,darkest-hour,darkest-hour-2017
92,81,dunkirk_2017,dunkirk-2017,dunkirk,dunkirk-2017
98,86,get_out_2017,get-out-2017,get-out,get-out-2017
99,79,lady_bird,lady-bird,lady-bird,lady-bird-2017
91,71,phantom_thread,phantom-thread,phantom-thread,phantom-thread-2017
88,74,the_post,the-post,the-post,the-post-2017
90,87,three_billboards_outside_ebbing_missouri,three-billboards-outside-ebbing-missouri,three-billboards-outside-ebbing-missouri,three-billboards-outside-ebbing-missouri-2017
77,91,green_book_2018,green-book-2018,green-book,green-book-2018
96,79,black_panther_2018,black-panther-2018,black-panther,black-panther-2018
96,83,blackkklansman,blackkklansman,blackkklansman,blackkklansman-2018
60,85,bohemian_rhapsody_2018,bohemian-rhapsody-2018,bohemian-rhapsody,bohemian-rhapsody-2018
93,71,the_favourite_2018,the-favourite-2018,the-favourite,the-favourite-2018
96,72,roma_2018,roma-2018,roma,roma-2018
90,80,a_star_is_born_2018,a-star-is-born-2018,a-star-is-born,a-star-is-born-2018
64,61,vice_2018,vice-2018,vice,vice-2018
99,90,parasite_2019,parasite-2019,parasite,parasite-2019
92,98,ford_v_ferrari_2019,ford-v-ferrari-2019,ford-v-ferrari,ford-v-ferrari-2019
95,86,the_irishman_2019,the-irishman-2019,the-irishman,the-irishman-2019
81,94,jojo_rabbit_2019,jojo-rabbit-2019,jojo-rabbit,jojo-rabbit-2019
68,89,joker_2019,joker-2019,joker,joker-2019
95,92,little_women_2019,little-women-2019,little-women,little-women-2019
95,85,marriage_story_2019,marriage-story-2019,marriage-story,marriage-story-2019
88,88,1917_2019,1917-2019,1917,1917-2019
86,70,once_upon_a_time_in_hollywood_2019,once-upon-a-time-in-hollywood-2019,once-upon-a-time-in-hollywood,once-upon-a-time-in-hollywood-2019
93,82,nomadland,nomadland,nomadland,nomadland-2020
98,88,the_father_2020,the-father-2020,the-father,the-father-2020
96,95,judas_and_the_black_messiah,judas-and-the-black-messiah,judas-and-the-black-messiah,judas-and-the-black-messiah-2020
83,63,mank,mank,mank,mank-2020
98,92,minari,minari,minari,minari-2020
90,87,promising_young_woman_2020,promising-young-woman-2020,promising-young-woman,promising-young-woman-2020
97,90,sound_of_metal_2020,sound-of-metal-2020,sound-of-metal,sound-of-metal-2020
89,90,the_trial_of_the_chicago_7,the-trial-of-the-chicago-7,the-trial-of-the-chicago-7,the-trial-of-the-chicago-7-2020
94,91,coda_2021,coda-2021,coda,coda-2021
86,92,belfast,belfast,belfast,belfast-2021
56,78,dont_look_up_2021,dont-look-up-2021,dont-look-up,dont-look-up-2021
97,78,drive_my_car,drive-my-car,drive-my-car,drive-my-car-2021
83,90,dune_2021,dune-2021,dune,dune-2021
90,98,king_richard,king-richard,king-richard,king-richard-2021
90,65,licorice_pizza,licorice-pizza,licorice-pizza,licorice-pizza-2021
80,68,nightmare_alley_2021,nightmare-alley-2021,nightmare-alley,nightmare-alley-2021
94,76,the_power_of_the_dog,the-power-of-the-dog,the-power-of-the-dog,the-power-of-the-dog-2021
91,93,west_side_story_2021,west-side-story-2021,west-side-story,west-side-story-2021
93,79,everything_everywhere_all_at_once,everything-everywhere-all-at-once,everything-everywhere-all-at-once,everything-everywhere-all-at-once-2022
90,90,all_quiet_on_the_western_front_2022,all-quiet-on-the-western-front-2022,all-quiet-on-the-western-front,all-quiet-on-the-western-front-2022
76,92,avatar_the_way_of_water,avatar-the-way-of-water,avatar-the-way-of-water,avatar-the-way-of-water-2022
96,75,the_banshees_of_inisherin,the-banshees-of-inisherin,the-banshees-of-inisherin,the-banshees-of-inisherin-2022
77,94,elvis,elvis,elvis,elvis-2022
92,83,the_fabelmans,the-fabelmans,the-fabelmans,the-fabelmans-2022
91,74,tar_2022,tar-2022,tar,tar-2022
96,99,top_gun_maverick,top-gun-maverick,top-gun-maverick,top-gun-maverick-2022
72,80,triangle_of_sadness,triangle-of-sadness,triangle-of-sadness,triangle-of-sadness-2022
90,80,women_talking,women-talking,women-talking,women-talking-2022
93,91,oppenheimer_2023,oppenheimer-2023,oppenheimer,oppenheimer-2023
93,95,american_fiction,american-fiction,american-fiction,american-fiction-2023
96,91,anatomy_of_a_fall,anatomy-of-a-fall,anatomy-of-a-fall,anatomy-of-a-fall-2023
88,83,barbie,barbie,barbie,barbie-2023
97,92,the_holdovers,the-holdovers,the-holdovers,the-holdovers-2023
93,84,killers_of_the_flower_moon,killers-of-the-flower-moon,killers-of-the-flower-moon,killers-of-the-flower-moon-2023
78,57,maestro_2023,maestro-2023,maestro,maestro-2023
95,93,past_lives,past-lives,past-lives,past-lives-2023
92,80,poor_things,poor-things,poor-things,poor-things-2023
93,79,the_zone_of_interest,the-zone-of-interest,the-zone-of-interest,the-zone-of-interest-2023
93,84,anora,anora,anora,anora-2024
93,80,the_brutalist,the-brutalist,the-brutalist,the-brutalist-2024
82,95,a_complete_unknown,a-complete-unknown,a-complete-unknown,a-complete-unknown-2024
93,86,conclave,conclave,conclave,conclave-2024
92,95,dune_part_two,dune-part-two,dune-part-two,dune-part-two-2024
71,17,emilia_perez,emilia-perez,emilia-perez,emilia-perez-2024
97,97,im_still_here_2024,im-still-here-2024,im-still-here,im-still-here-2024
91,75,nickel_boys,nickel-boys,nickel-boys,nickel-boys-2024
89,76,the_substance,the-substance,the-substance,the-substance-2024
88,95,wicked_2024,wicked-2024,wicked,wicked-2024
